ErrorDocument 404 /404.html

Redirect 301 /payment-methods/ideal/ https://docs.multisafepay.com/payment-methods/banks/ideal/
Redirect 301 /payment-methods/afterpay/what-is-afterpay/ https://docs.multisafepay.com/payment-methods/billing-suite/afterpay/what-is-afterpay/
Redirect 301 /payment-methods/alipay/alipay-what-is-it/ https://docs.multisafepay.com/payment-methods/wallet/alipay/alipay-what-is-it/
Redirect 301 /payment-methods/bancontact/what-is-bancontact/ https://docs.multisafepay.com/payment-methods/banks/bancontact/what-is-bancontact/
Redirect 301 /payment-methods/bank-transfer/what-is-bank-transfer/ https://docs.multisafepay.com/payment-methods/banks/bank-transfer/what-is-bank-transfer/
Redirect 301 /payment-methods/belfius/what-is-belfius/ https://docs.multisafepay.com/payment-methods/banks/belfius/what-is-belfius/
Redirect 301 /payment-methods/betaalplan/what-is-betaalplan/ https://docs.multisafepay.com/payment-methods/billing-suite/betaalplan/what-is-betaalplan/
Redirect 301 /payment-methods/creditcards/credit-card-what-is-it/ https://docs.multisafepay.com/payment-methods/credit-cards/creditcards/credit-card-what-is-it/
Redirect 301 /payment-methods/direct-debit/what-is-direct-debit/ https://docs.multisafepay.com/payment-methods/banks/direct-debit/what-is-direct-debit/
Redirect 301 /payment-methods/dotpay/dotpay-what-is-it/ https://docs.multisafepay.com/payment-methods/banks/dotpay/dotpay-what-is-it/
Redirect 301 /payment-methods/ing-home-pay/what-is-ing-home-pay/ https://docs.multisafepay.com/payment-methods/banks/ing-home-pay/what-is-ing-home-pay/
Redirect 301 /payment-methods/kbc/what-is-kbc/ https://docs.multisafepay.com/payment-methods/banks/kbc/what-is-kbc/
Redirect 301 /payment-methods/klarna/what-is-klarna/ https://docs.multisafepay.com/payment-methods/billing-suite/klarna/what-is-klarna/
Redirect 301 /payment-methods/maestro/what-is-maestro/ https://docs.multisafepay.com/payment-methods/banks/maestro/what-is-maestro/
Redirect 301 /payment-methods/pay-after-delivery/what-is-pay-after-delivery/ https://docs.multisafepay.com/payment-methods/billing-suite/pay-after-delivery/what-is-pay-after-delivery/
Redirect 301 /payment-methods/paypal/what-is-paypal/ https://docs.multisafepay.com/payment-methods/wallet/paypal/what-is-paypal/
Redirect 301 /payment-methods/paysafecard/what-is-paysafecard/ https://docs.multisafepay.com/payment-methods/prepaid-cards/paysafecard/what-is-paysafecard/
Redirect 301 /payment-methods/sofort-banking/what-is-sofort-banking/ https://docs.multisafepay.com/payment-methods/banks/sofort-banking/what-is-sofort-banking/
Redirect 301 /payment-methods/trustpay/trustpay-what-is-it/ https://docs.multisafepay.com/payment-methods/banks/trustpay/trustpay-what-is-it/
Redirect 301 /payment-methods/trustly/what-is-trustly/ https://docs.multisafepay.com/payment-methods/banks/trustly/what-is-trustly/
Redirect 301 /payment-methods/giropay/what-is-giropay/ https://docs.multisafepay.com/payment-methods/banks/giropay/what-is-giropay/
Redirect 301 /payment-methods/idealqr/what-is-idealqr/ https://docs.multisafepay.com/payment-methods/banks/idealqr/what-is-idealqr/
Redirect 301 /payment-methods/ideal/what-is-ideal/ https://docs.multisafepay.com/payment-methods/banks/ideal/what-is-ideal/
Redirect 301 /payment-methods/e-invoicing/what-is-it/ https://docs.multisafepay.com/payment-methods/billing-suite/e-invoicing/what-is-it/
Redirect 301 /payment-methods/eps/what-is-eps/ https://docs.multisafepay.com/payment-methods/banks/eps/what-is-eps/
Redirect 301 /payment-methods/idealqr/ https://docs.multisafepay.com/payment-methods/banks/idealqr/
Redirect 301 /payment-methods/afterpay/how-does-afterpay-work/ https://docs.multisafepay.com/payment-methods/billing-suite/afterpay/how-does-afterpay-work/
Redirect 301 /payment-methods/alipay/alipay-how-does-it-work/ https://docs.multisafepay.com/payment-methods/wallet/alipay/alipay-how-does-it-work/
Redirect 301 /payment-methods/bancontact-qr/how-does-bancontact-qr-work/ https://docs.multisafepay.com/payment-methods/banks/bancontact/how-does-bancontact-work/
Redirect 301 /payment-methods/bancontact/how-does-bancontact-work/ https://docs.multisafepay.com/payment-methods/banks/bancontact/how-does-bancontact-work/
Redirect 301 /payment-methods/bank-transfer/how-does-bank-transfer-work/ https://docs.multisafepay.com/payment-methods/banks/bank-transfer/how-does-bank-transfer-work/
Redirect 301 /payment-methods/belfius/how-does-belfius-work/ https://docs.multisafepay.com/payment-methods/banks/belfius/how-does-belfius-work/
Redirect 301 /payment-methods/betaalplan/how-does-betaalplan-work/ https://docs.multisafepay.com/payment-methods/billing-suite/betaalplan/how-does-betaalplan-work/
Redirect 301 /payment-methods/creditcards/credit-card-how-does-it-work/ https://docs.multisafepay.com/payment-methods/credit-cards/creditcards/credit-card-how-does-it-work/
Redirect 301 /payment-methods/direct-debit/how-does-direct-debit-work/ https://docs.multisafepay.com/payment-methods/banks/direct-debit/how-does-direct-debit-work/
Redirect 301 /payment-methods/dotpay/dotpay-how-does-it-work/ https://docs.multisafepay.com/payment-methods/banks/dotpay/dotpay-how-does-it-work/
Redirect 301 /payment-methods/e-invoicing/how-does-e-invoicing-work/ https://docs.multisafepay.com/payment-methods/billing-suite/e-invoicing/how-does-e-invoicing-work/
Redirect 301 /payment-methods/giropay/how-does-giropay-work/ https://docs.multisafepay.com/payment-methods/banks/giropay/how-does-giropay-work/
Redirect 301 /payment-methods/ideal/how-does-ideal-work/ https://docs.multisafepay.com/payment-methods/banks/ideal/how-does-ideal-work/
Redirect 301 /payment-methods/eps/how-does-eps-work/ https://docs.multisafepay.com/payment-methods/banks/eps/how-does-eps-work/
Redirect 301 /payment-methods/gift-cards/how-do-gift-cards-work/ https://docs.multisafepay.com/payment-methods/prepaid-cards/gift-cards/how-do-gift-cards-work/
Redirect 301 /payment-methods/idealqr/how-does-idealqr-work/ https://docs.multisafepay.com/payment-methods/banks/idealqr/how-does-idealqr-work/
Redirect 301 /payment-methods/ing-home-pay/how-does-ing-home-pay-work/ https://docs.multisafepay.com/payment-methods/banks/ing-home-pay/how-does-ing-home-pay-work/
Redirect 301 /payment-methods/kbc/how-does-kbc-work/ https://docs.multisafepay.com/payment-methods/banks/kbc/how-does-kbc-work/
Redirect 301 /payment-methods/klarna/how-does-klarna-work/ https://docs.multisafepay.com/payment-methods/billing-suite/klarna/how-does-klarna-work/
Redirect 301 /payment-methods/maestro/how-does-maestro-work/ https://docs.multisafepay.com/payment-methods/banks/maestro/how-does-maestro-work/
Redirect 301 /payment-methods/pay-after-delivery/how-does-pay-after-delivery-work/ https://docs.multisafepay.com/payment-methods/billing-suite/pay-after-delivery/how-does-pay-after-delivery-work/
Redirect 301 /payment-methods/paypal/how-does-paypal-work/ https://docs.multisafepay.com/payment-methods/wallet/paypal/how-does-paypal-work/
Redirect 301 /payment-methods/paysafecard/how-does-paysafecard-work/ https://docs.multisafepay.com/payment-methods/prepaid-cards/paysafecard/how-does-paysafecard-work/
Redirect 301 /payment-methods/sofort-banking/how-does-sofort-banking-work/ https://docs.multisafepay.com/payment-methods/banks/sofort-banking/how-does-sofort-banking-work/
Redirect 301 /payment-methods/trustpay/trustpay-how-does-it-work/ https://docs.multisafepay.com/payment-methods/banks/trustpay/trustpay-how-does-it-work/
Redirect 301 /payment-methods/trustly/how-does-trustly-work/ https://docs.multisafepay.com/payment-methods/banks/trustly/how-does-trustly-work/
Redirect 301 /payment-methods/afterpay/activate-afterpay/ https://docs.multisafepay.com/payment-methods/billing-suite/afterpay/activate-afterpay/
Redirect 301 /payment-methods/alipay/activate-alipay/ https://docs.multisafepay.com/payment-methods/wallet/alipay/activate-alipay/
Redirect 301 /payment-methods/bancontact/activate-bancontact/ https://docs.multisafepay.com/payment-methods/banks/bancontact/activate-bancontact/
Redirect 301 /payment-methods/bank-transfer/activate-bank-transfer/ https://docs.multisafepay.com/payment-methods/banks/bank-transfer/activate-bank-transfer/
Redirect 301 /payment-methods/belfius/activate-belfius/ https://docs.multisafepay.com/payment-methods/banks/belfius/activate-belfius/
Redirect 301 /payment-methods/betaalplan/activate-betaalplan/ https://docs.multisafepay.com/payment-methods/billing-suite/betaalplan/activate-betaalplan/
Redirect 301 /payment-methods/direct-debit/activate-direct-debit/ https://docs.multisafepay.com/payment-methods/banks/direct-debit/activate-direct-debit/
Redirect 301 /payment-methods/dotpay/activate-dotpay/ https://docs.multisafepay.com/payment-methods/banks/dotpay/activate-dotpay/
Redirect 301 /payment-methods/e-invoicing/activate/ https://docs.multisafepay.com/payment-methods/billing-suite/e-invoicing/activate/
Redirect 301 /payment-methods/eps/activate-eps/ https://docs.multisafepay.com/payment-methods/banks/eps/activate-eps/
Redirect 301 /payment-methods/giropay/activate-giropay/ https://docs.multisafepay.com/payment-methods/banks/giropay/activate-giropay/
Redirect 301 /payment-methods/ing-home-pay/activate-ing-home-pay/ https://docs.multisafepay.com/payment-methods/banks/ing-home-pay/activate-ing-home-pay/
Redirect 301 /payment-methods/kbc/activate-kbc/ https://docs.multisafepay.com/payment-methods/banks/kbc/activate-kbc/
Redirect 301 /payment-methods/klarna/activate-klarna/ https://docs.multisafepay.com/payment-methods/billing-suite/klarna/activate-klarna/
Redirect 301 /payment-methods/maestro/activate-maestro/ https://docs.multisafepay.com/payment-methods/banks/maestro/activate-maestro/
Redirect 301 /payment-methods/pay-after-delivery/activate-pay-after-delivery/ https://docs.multisafepay.com/payment-methods/billing-suite/pay-after-delivery/activate-pay-after-delivery/
Redirect 301 /payment-methods/paypal/activate-paypal/ https://docs.multisafepay.com/payment-methods/wallet/paypal/activate-paypal/
Redirect 301 /payment-methods/paysafecard/activate-paysafecard/ https://docs.multisafepay.com/payment-methods/prepaid-cards/paysafecard/activate-paysafecard/
Redirect 301 /payment-methods/sofort-banking/activate-sofort-banking/ https://docs.multisafepay.com/payment-methods/banks/sofort-banking/activate-sofort-banking/
Redirect 301 /payment-methods/trustpay/activate-trustpay/ https://docs.multisafepay.com/payment-methods/banks/trustpay/activate-trustpay/
Redirect 301 /payment-methods/trustly/activate-trustly/ https://docs.multisafepay.com/payment-methods/banks/trustly/activate-trustly/
Redirect 301 /payment-methods/creditcards/activate-credit-cards/ https://docs.multisafepay.com/payment-methods/credit-cards/creditcards/activate-credit-cards/
Redirect 301 /payment-methods/gift-cards/activate-gift-cards/ https://docs.multisafepay.com/payment-methods/prepaid-cards/gift-cards/activate-gift-cards/
Redirect 301 /payment-methods/ideal/activate-ideal/ https://docs.multisafepay.com/payment-methods/banks/ideal/activate-ideal/
Redirect 301 /payment-methods/idealqr/activate-idealqr/ https://docs.multisafepay.com/payment-methods/banks/idealqr/activate-idealqr/
Redirect 301 /payment-methods/belfius/refund-belfius/ https://docs.multisafepay.com/payment-methods/banks/belfius/refund-belfius/
Redirect 301 /payment-methods/idealqr/refund-idealqr/ https://docs.multisafepay.com/payment-methods/banks/idealqr/refund-idealqr/
Redirect 301 /payment-methods/e-invoicing/refund/ https://docs.multisafepay.com/payment-methods/billing-suite/e-invoicing/refund/
Redirect 301 /payment-methods/bancontact/refund-bancontact/ https://docs.multisafepay.com/payment-methods/banks/bancontact/refund-bancontact/
Redirect 301 /payment-methods/betaalplan/refund-betaalplan/ https://docs.multisafepay.com/payment-methods/billing-suite/betaalplan/refund-betaalplan/
Redirect 301 /payment-methods/direct-debit/refund-direct-debit/ https://docs.multisafepay.com/payment-methods/banks/direct-debit/refund-direct-debit/
Redirect 301 /payment-methods/giropay/refund-giropay/ https://docs.multisafepay.com/payment-methods/banks/giropay/refund-giropay/
Redirect 301 /payment-methods/ing-home-pay/refund-ing-home-pay/ https://docs.multisafepay.com/payment-methods/banks/ing-home-pay/refund-ing-home-pay/
Redirect 301 /payment-methods/kbc/refund-kbc/ https://docs.multisafepay.com/payment-methods/banks/kbc/refund-kbc/
Redirect 301 /payment-methods/klarna/refund-klarna/ https://docs.multisafepay.com/payment-methods/billing-suite/klarna/refund-klarna/
Redirect 301 /payment-methods/maestro/refund-maestro/ https://docs.multisafepay.com/payment-methods/banks/maestro/refund-maestro/
Redirect 301 /payment-methods/pay-after-delivery/refund-pay-after-delivery/ https://docs.multisafepay.com/payment-methods/billing-suite/pay-after-delivery/refund-pay-after-delivery/
Redirect 301 /payment-methods/paypal/refund-paypal/ https://docs.multisafepay.com/payment-methods/wallet/paypal/refund-paypal/
Redirect 301 /payment-methods/paysafecard/refund-paysafecard/ https://docs.multisafepay.com/payment-methods/prepaid-cards/paysafecard/refund-paysafecard/
Redirect 301 /payment-methods/trustly/refund-trustly/ https://docs.multisafepay.com/payment-methods/banks/trustly/refund-trustly/
Redirect 301 /payment-methods/bank-transfer/refund-bank-transfer/ https://docs.multisafepay.com/payment-methods/banks/bank-transfer/refund-bank-transfer/
Redirect 301 /payment-methods/creditcards/refund-credit-card/ https://docs.multisafepay.com/payment-methods/credit-cards/creditcards/refund-credit-card/
Redirect 301 /payment-methods/gift-cards/refund-gift-card/ https://docs.multisafepay.com/payment-methods/prepaid-cards/gift-cards/refund-gift-card/
Redirect 301 /payment-methods/afterpay/refund-afterpay/ https://docs.multisafepay.com/payment-methods/billing-suite/afterpay/refund-afterpay/
Redirect 301 /payment-methods/alipay/refund-alipay/ https://docs.multisafepay.com/payment-methods/wallet/alipay/refund-alipay/
Redirect 301 /payment-methods/dotpay/refund-dotpay/ https://docs.multisafepay.com/payment-methods/banks/dotpay/refund-dotpay/
Redirect 301 /payment-methods/eps/refund/ https://docs.multisafepay.com/payment-methods/banks/eps/refund/
Redirect 301 /payment-methods/sofort-banking/refund-sofort-banking/ https://docs.multisafepay.com/payment-methods/banks/sofort-banking/refund-sofort-banking/
Redirect 301 /payment-methods/trustpay/refund-trustpay/ https://docs.multisafepay.com/payment-methods/banks/trustpay/refund-trustpay/
Redirect 301 /payment-methods/ideal/refund-ideal/ https://docs.multisafepay.com/payment-methods/banks/ideal/refund-ideal/
Redirect 301 /payment-methods/creditcards/american-express/ https://docs.multisafepay.com/payment-methods/credit-cards/creditcards/american-express/
Redirect 301 /payment-methods/creditcards/creditcard-status-declined-what-does-this-mean-/ https://docs.multisafepay.com/payment-methods/credit-cards/creditcards/creditcard-status-declined-what-does-this-mean-/
Redirect 301 /payment-methods/gift-cards/test-gift-cards/ https://docs.multisafepay.com/payment-methods/prepaid-cards/gift-cards/test-gift-cards/
Redirect 301 /payment-methods/bank-transfer/bank-accounts/ https://docs.multisafepay.com/payment-methods/banks/bank-transfer/bank-accounts/
Redirect 301 /payment-methods/creditcards/credit-card-payment-page/ https://docs.multisafepay.com/payment-methods/credit-cards/creditcards/credit-card-payment-page/
Redirect 301 /payment-methods/creditcards/what-is-3d-secure/ https://docs.multisafepay.com/payment-methods/credit-cards/creditcards/what-is-3d-secure/
Redirect 301 /payment-methods/creditcards/chargebacks/what-is-a-chargeback/ https://docs.multisafepay.com/payment-methods/credit-cards/creditcards/chargebacks/what-is-a-chargeback/
Redirect 301 /payment-methods/gift-cards/which-gift-cards-are-accepted-by-multisafepay/ https://docs.multisafepay.com/payment-methods/prepaid-cards/gift-cards/which-gift-cards-are-accepted-by-multisafepay/
Redirect 301 /payment-methods/gift-cards/branded-personalized-gift-card/ https://docs.multisafepay.com/payment-methods/prepaid-cards/gift-cards/branded-personalized-gift-card/
Redirect 301 /payment-methods/creditcards/chargebacks/dispute-chargeback/ https://docs.multisafepay.com/payment-methods/credit-cards/creditcards/chargebacks/dispute-chargeback/
Redirect 301 /payment-methods/creditcards/what-is-a-chargeback/ https://docs.multisafepay.com/payment-methods/credit-cards/creditcards/what-is-a-chargeback/
Redirect 301 /payment-methods/creditcards/what-is-interchange/ https://docs.multisafepay.com/payment-methods/credit-cards/creditcards/what-is-interchange/
Redirect 301 /payment-methods/creditcards/purchasing-card/ https://docs.multisafepay.com/payment-methods/credit-cards/creditcards/purchasing-card/
Redirect 301 /payment-methods/sofort-banking/ https://docs.multisafepay.com/payment-methods/banks/sofort-banking/
Redirect 301 /payment-methods/maestro/ https://docs.multisafepay.com/payment-methods/banks/maestro/
Redirect 301 /payment-methods/bank-transfer/ https://docs.multisafepay.com/payment-methods/banks/bank-transfer/
Redirect 301 /payment-methods/ing-home-pay/ https://docs.multisafepay.com/payment-methods/banks/ing-home-pay/
Redirect 301 /payment-methods/creditcards/chargebacks/ https://docs.multisafepay.com/payment-methods/credit-cards/creditcards/chargebacks/
Redirect 301 /payment-methods/kbc/ https://docs.multisafepay.com/payment-methods/banks/kbc/
Redirect 301 /payment-methods/belfius/ https://docs.multisafepay.com/payment-methods/banks/belfius/
Redirect 301 /payment-methods/direct-debit/ https://docs.multisafepay.com/payment-methods/banks/direct-debit/
Redirect 301 /payment-methods/eps/ https://docs.multisafepay.com/payment-methods/banks/eps/
Redirect 301 /payment-methods/trustly/ https://docs.multisafepay.com/payment-methods/banks/trustly/
Redirect 301 /payment-methods/giropay/ https://docs.multisafepay.com/payment-methods/banks/giropay/
Redirect 301 /payment-methods/creditcards/ https://docs.multisafepay.com/payment-methods/credit-cards/creditcards/
Redirect 301 /payment-methods/branded-credit-cards/ https://docs.multisafepay.com/payment-methods/credit-cards/branded-credit-cards/
Redirect 301 /payment-methods/pay-after-delivery/ https://docs.multisafepay.com/payment-methods/billing-suite/pay-after-delivery/
Redirect 301 /payment-methods/afterpay/ https://docs.multisafepay.com/payment-methods/billing-suite/afterpay/
Redirect 301 /payment-methods/klarna/ https://docs.multisafepay.com/payment-methods/billing-suite/klarna/
Redirect 301 /payment-methods/e-invoicing/ https://docs.multisafepay.com/payment-methods/billing-suite/e-invoicing/
Redirect 301 /payment-methods/betaalplan/ https://docs.multisafepay.com/payment-methods/billing-suite/betaalplan/
Redirect 301 /payment-methods/paypal/ https://docs.multisafepay.com/payment-methods/wallet/paypal/
Redirect 301 /payment-methods/alipay/ https://docs.multisafepay.com/payment-methods/wallet/alipay/
Redirect 301 /payment-methods/gift-cards/ https://docs.multisafepay.com/payment-methods/prepaid-cards/gift-cards/
Redirect 301 /payment-methods/paysafecard/ https://docs.multisafepay.com/payment-methods/prepaid-cards/paysafecard/
Redirect 301 /integrations/prestashop-1-7/faq/my-carrier-preferences/ https://docs.multisafepay.com/integrations/plugins/prestashop-1-7/faq/my-carrier-preferences/
Redirect 301 /integrations/ccvshop/faq/available-payment-methods-ccv-shop/ https://docs.multisafepay.com/integrations/hosted/ccvshop/faq/available-payment-methods-ccv-shop/
Redirect 301 /integrations/cs-cart/faq/available-payment-methods-cs-cart/ https://docs.multisafepay.com/integrations/plugins/cs-cart/faq/available-payment-methods-cs-cart/
Redirect 301 /integrations/drupal7/faq/available-payment-methods-drupal/ https://docs.multisafepay.com/integrations/plugins/drupal7/faq/available-payment-methods-drupal/
Redirect 301 /integrations/drupal8/faq/available-payment-methods-drupal8/ https://docs.multisafepay.com/integrations/plugins/drupal8/faq/available-payment-methods-drupal8/
Redirect 301 /integrations/ecwid/faq/available-payment-methods-ecwid/ https://docs.multisafepay.com/integrations/hosted/ecwid/faq/available-payment-methods-ecwid/
Redirect 301 /integrations/lightspeed/faq/available-payment-methods-lightspeed/ https://docs.multisafepay.com/integrations/hosted/lightspeed/faq/available-payment-methods-lightspeed/
Redirect 301 /integrations/logivert/faq/available-payment-methods-logivert/ https://docs.multisafepay.com/integrations/hosted/logivert/faq/available-payment-methods-logivert/
Redirect 301 /integrations/logic4/faq/available-payment-methods-logic4/ https://docs.multisafepay.com/integrations/hosted/logic4/faq/available-payment-methods-logic4/
Redirect 301 /integrations/magento1/faq/available-payment-methods-magento1/ https://docs.multisafepay.com/integrations/plugins/magento1/faq/available-payment-methods-magento1/
Redirect 301 /integrations/magento2/faq/available-payment-methods-magento2/ https://docs.multisafepay.com/integrations/plugins/magento2/faq/available-payment-methods-magento2/
Redirect 301 /integrations/mijnwebwinkel/faq/available-payment-methods-mijnwebwinkel/ https://docs.multisafepay.com/integrations/hosted/mijnwebwinkel/faq/available-payment-methods-mijnwebwinkel/
Redirect 301 /integrations/opencart/faq/available-payment-methods-opencart/ https://docs.multisafepay.com/integrations/plugins/opencart/faq/available-payment-methods-opencart/
Redirect 301 /integrations/oscommerce/faq/available-payment-methods-oscommerce/ https://docs.multisafepay.com/integrations/plugins/oscommerce/faq/available-payment-methods-oscommerce/
Redirect 301 /integrations/prestashop-1-7/faq/available-payment-methods-prestashop/ https://docs.multisafepay.com/integrations/plugins/prestashop-1-7/faq/available-payment-methods-prestashop/
Redirect 301 /integrations/prestashop-1-6/faq/available-payment-methods-prestashop/ https://docs.multisafepay.com/integrations/plugins/prestashop-1-6/faq/available-payment-methods-prestashop/
Redirect 301 /integrations/shopfactory/faq/available-payment-methods-shopfactory/ https://docs.multisafepay.com/integrations/hosted/shopfactory/faq/available-payment-methods-shopfactory/
Redirect 301 /integrations/shopify/faq/available-payment-methods-shopify/ https://docs.multisafepay.com/integrations/hosted/shopify/faq/available-payment-methods-shopify/
Redirect 301 /integrations/shoptrader/faq/available-payment-methods-shoptrader/ https://docs.multisafepay.com/integrations/hosted/shoptrader/faq/available-payment-methods-shoptrader/
Redirect 301 /integrations/shopware5/faq/available-payment-methods-shopware5/ https://docs.multisafepay.com/integrations/plugins/shopware5/faq/available-payment-methods-shopware5/
Redirect 301 /integrations/shopware6/faq/available-payment-methods-shopware5/ https://docs.multisafepay.com/integrations/plugins/shopware6/faq/available-payment-methods-shopware5/
Redirect 301 /integrations/virtuemart/faq/available-payment-methods-virtuemart/ https://docs.multisafepay.com/integrations/plugins/virtuemart/faq/available-payment-methods-virtuemart/
Redirect 301 /integrations/woocommerce/faq/available-payment-methods-woocommerce/ https://docs.multisafepay.com/integrations/plugins/woocommerce/faq/available-payment-methods-woocommerce/
Redirect 301 /integrations/x-cart/faq/available-payment-methods-x-cart/ https://docs.multisafepay.com/integrations/plugins/x-cart/faq/available-payment-methods-x-cart/
Redirect 301 /integrations/zencart/faq/available-payment-methods-zen-cart/ https://docs.multisafepay.com/integrations/plugins/zencart/faq/available-payment-methods-zen-cart/
Redirect 301 /integrations/myshop/faq/available-payment-methods-myshop/ https://docs.multisafepay.com/integrations/hosted/myshop/faq/available-payment-methods-myshop/
Redirect 301 /integrations/cs-cart/faq/configure-fee-pay-after-delivery/ https://docs.multisafepay.com/integrations/plugins/cs-cart/faq/configure-fee-pay-after-delivery/
Redirect 301 /integrations/opencart/faq/configure-fee-pay-after-delivery/ https://docs.multisafepay.com/integrations/plugins/opencart/faq/configure-fee-pay-after-delivery/
Redirect 301 /integrations/ccvshop/faq/refunding-ccv-shop/ https://docs.multisafepay.com/integrations/hosted/ccvshop/faq/refunding-ccv-shop/
Redirect 301 /integrations/cs-cart/faq/refunding-cs-cart/ https://docs.multisafepay.com/integrations/plugins/cs-cart/faq/refunding-cs-cart/
Redirect 301 /integrations/drupal7/faq/refunding-drupal/ https://docs.multisafepay.com/integrations/plugins/drupal7/faq/refunding-drupal/
Redirect 301 /integrations/drupal8/faq/refunding-drupal/ https://docs.multisafepay.com/integrations/plugins/drupal8/faq/refunding-drupal/
Redirect 301 /integrations/ecwid/faq/refunding-ecwid/ https://docs.multisafepay.com/integrations/hosted/ecwid/faq/refunding-ecwid/
Redirect 301 /integrations/lightspeed/faq/refunding-lightspeed/ https://docs.multisafepay.com/integrations/hosted/lightspeed/faq/refunding-lightspeed/
Redirect 301 /integrations/magento2/faq/refunding-magento2/ https://docs.multisafepay.com/integrations/plugins/magento2/faq/refunding-magento2/
Redirect 301 /integrations/opencart/faq/refunding-opencart/ https://docs.multisafepay.com/integrations/plugins/opencart/faq/refunding-opencart/
Redirect 301 /integrations/oscommerce/faq/refunding-oscommerce/ https://docs.multisafepay.com/integrations/plugins/oscommerce/faq/refunding-oscommerce/
Redirect 301 /integrations/prestashop-1-6/faq/refunding-prestashop/ https://docs.multisafepay.com/integrations/plugins/prestashop-1-6/faq/refunding-prestashop/
Redirect 301 /integrations/prestashop-1-7/faq/refunding-prestashop/ https://docs.multisafepay.com/integrations/plugins/prestashop-1-7/faq/refunding-prestashop/
Redirect 301 /integrations/shopfactory/faq/refunding-shopfactory/ https://docs.multisafepay.com/integrations/hosted/shopfactory/faq/refunding-shopfactory/
Redirect 301 /integrations/shopify/faq/refunding-shopify/ https://docs.multisafepay.com/integrations/hosted/shopify/faq/refunding-shopify/
Redirect 301 /integrations/shopware5/faq/refunding-shopware/ https://docs.multisafepay.com/integrations/plugins/shopware5/faq/refunding-shopware/
Redirect 301 /integrations/virtuemart/faq/refunding-virtuemart/ https://docs.multisafepay.com/integrations/plugins/virtuemart/faq/refunding-virtuemart/
Redirect 301 /integrations/woocommerce/faq/refunding-woocommerce/ https://docs.multisafepay.com/integrations/plugins/woocommerce/faq/refunding-woocommerce/
Redirect 301 /integrations/x-cart/faq/refunding-x-cart/ https://docs.multisafepay.com/integrations/plugins/x-cart/faq/refunding-x-cart/
Redirect 301 /integrations/zencart/faq/refunding-zen-cart/ https://docs.multisafepay.com/integrations/plugins/zencart/faq/refunding-zen-cart/
Redirect 301 /integrations/magento1/faq/can-i-remove-the-gender-and-date-of-birth-field-for-the-klarna-payment-method-in-the-checkout/ https://docs.multisafepay.com/integrations/plugins/magento1/faq/can-i-remove-the-gender-and-date-of-birth-field-for-the-klarna-payment-method-in-the-checkout/
Redirect 301 /integrations/magento1/faq/ship-automatically-in-magento1/ https://docs.multisafepay.com/integrations/plugins/magento1/faq/ship-automatically-in-magento1/
Redirect 301 /payment-methods/branded-credit-cards/cartasi-what-is-it/ https://docs.multisafepay.com/payment-methods/credit-cards/branded-credit-cards/cartasi-what-is-it/
Redirect 301 /payment-methods/branded-credit-cards/carte-bleue-what-is-it/ https://docs.multisafepay.com/payment-methods/credit-cards/branded-credit-cards/carte-bleue-what-is-it/
Redirect 301 /payment-methods/branded-credit-cards/dankort-what-is-it/ https://docs.multisafepay.com/payment-methods/credit-cards/branded-credit-cards/dankort-what-is-it/
Redirect 301 /integrations/prestashop-1-6/faq/do-you-support-thirty-bees/ https://docs.multisafepay.com/integrations/plugins/prestashop-1-6/faq/do-you-support-thirty-bees/
Redirect 301 /integrations/prestashop-1-7/faq/do-you-support-thirty-bees/ https://docs.multisafepay.com/integrations/plugins/prestashop-1-7/faq/do-you-support-thirty-bees/
Redirect 301 /integrations/shopfactory/faq/does-globecharge-support-multisafepay/ https://docs.multisafepay.com/integrations/hosted/shopfactory/faq/does-globecharge-support-multisafepay/
Redirect 301 /integrations/prestashop-1-6/faq/extra-confirmation-page/ https://docs.multisafepay.com/integrations/plugins/prestashop-1-6/faq/extra-confirmation-page/
Redirect 301 /integrations/ccvshop/faq/ https://docs.multisafepay.com/integrations/hosted/ccvshop/faq/
Redirect 301 /integrations/cs-cart/faq/ https://docs.multisafepay.com/integrations/plugins/cs-cart/faq/
Redirect 301 /integrations/drupal7/faq/ https://docs.multisafepay.com/integrations/plugins/drupal7/faq/
Redirect 301 /integrations/drupal8/faq/ https://docs.multisafepay.com/integrations/plugins/drupal8/faq/
Redirect 301 /integrations/ecwid/faq/ https://docs.multisafepay.com/integrations/hosted/ecwid/faq/
Redirect 301 /integrations/lightspeed/faq/ https://docs.multisafepay.com/integrations/hosted/lightspeed/faq/
Redirect 301 /integrations/logic4/faq/ https://docs.multisafepay.com/integrations/hosted/logic4/faq/
Redirect 301 /integrations/logivert/faq/ https://docs.multisafepay.com/integrations/hosted/logivert/faq/
Redirect 301 /integrations/magento1/faq/ https://docs.multisafepay.com/integrations/plugins/magento1/faq/
Redirect 301 /integrations/magento2/faq/ https://docs.multisafepay.com/integrations/plugins/magento2/faq/
Redirect 301 /integrations/mijnwebwinkel/faq/ https://docs.multisafepay.com/integrations/hosted/mijnwebwinkel/faq/
Redirect 301 /integrations/myshop/faq/ https://docs.multisafepay.com/integrations/hosted/myshop/faq/
Redirect 301 /integrations/opencart/faq/ https://docs.multisafepay.com/integrations/plugins/opencart/faq/
Redirect 301 /integrations/oscommerce/faq/ https://docs.multisafepay.com/integrations/plugins/oscommerce/faq/
Redirect 301 /integrations/prestashop-1-6/faq/ https://docs.multisafepay.com/integrations/plugins/prestashop-1-6/faq/
Redirect 301 /integrations/prestashop-1-7/faq/ https://docs.multisafepay.com/integrations/plugins/prestashop-1-7/faq/
Redirect 301 /integrations/shopfactory/faq/ https://docs.multisafepay.com/integrations/hosted/shopfactory/faq/
Redirect 301 /integrations/shopify/faq/ https://docs.multisafepay.com/integrations/hosted/shopify/faq/
Redirect 301 /integrations/shoptrader/faq/ https://docs.multisafepay.com/integrations/hosted/shoptrader/faq/
Redirect 301 /integrations/shopware5/faq/ https://docs.multisafepay.com/integrations/plugins/shopware5/faq/
Redirect 301 /integrations/shopware6/faq/ https://docs.multisafepay.com/integrations/plugins/shopware6/faq/
Redirect 301 /integrations/virtuemart/faq/ https://docs.multisafepay.com/integrations/plugins/virtuemart/faq/
Redirect 301 /integrations/woocommerce/faq/ https://docs.multisafepay.com/integrations/plugins/woocommerce/faq/
Redirect 301 /integrations/x-cart/faq/ https://docs.multisafepay.com/integrations/plugins/x-cart/faq/
Redirect 301 /integrations/zencart/faq/ https://docs.multisafepay.com/integrations/plugins/zencart/faq/
Redirect 301 /integrations/fastcheckout-android/ https://docs.multisafepay.com/integrations/sdk/fastcheckout-android/
Redirect 301 /integrations/fastcheckout-android/manual/ https://docs.multisafepay.com/integrations/sdk/fastcheckout-android/manual/
Redirect 301 /integrations/fastcheckout-ios/ https://docs.multisafepay.com/integrations/sdk/fastcheckout-ios/
Redirect 301 /integrations/fastcheckout-ios/manual/ https://docs.multisafepay.com/integrations/sdk/fastcheckout-ios/manual/
Redirect 301 /integrations/cs-cart/faq/how-can-i-update-the-plugin-for-cs-cart/ https://docs.multisafepay.com/integrations/plugins/cs-cart/faq/how-can-i-update-the-plugin-for-cs-cart/
Redirect 301 /integrations/drupal7/faq/how-can-i-update-the-plugin-for-drupal7/ https://docs.multisafepay.com/integrations/plugins/drupal7/faq/how-can-i-update-the-plugin-for-drupal7/
Redirect 301 /integrations/drupal8/faq/how-can-i-update-the-plugin-for-drupal8/ https://docs.multisafepay.com/integrations/plugins/drupal8/faq/how-can-i-update-the-plugin-for-drupal8/
Redirect 301 /integrations/magento1/faq/how-can-i-update-the-plugin-for-magento1/ https://docs.multisafepay.com/integrations/plugins/magento1/faq/how-can-i-update-the-plugin-for-magento1/
Redirect 301 /integrations/magento2/faq/how-can-i-update-the-plugin-for-magento2/ https://docs.multisafepay.com/integrations/plugins/magento2/faq/how-can-i-update-the-plugin-for-magento2/
Redirect 301 /integrations/opencart/faq/how-can-i-update-the-plugin-for-opencart/ https://docs.multisafepay.com/integrations/plugins/opencart/faq/how-can-i-update-the-plugin-for-opencart/
Redirect 301 /integrations/oscommerce/faq/how-can-i-update-the-plugin-for-oscommerce/ https://docs.multisafepay.com/integrations/plugins/oscommerce/faq/how-can-i-update-the-plugin-for-oscommerce/
Redirect 301 /integrations/prestashop-1-6/faq/how-can-i-update-the-plugin-for-prestashop-1-6/ https://docs.multisafepay.com/integrations/plugins/prestashop-1-6/faq/how-can-i-update-the-plugin-for-prestashop-1-6/
Redirect 301 /integrations/prestashop-1-7/faq/how-can-i-update-the-plugin-for-prestashop-1-7/ https://docs.multisafepay.com/integrations/plugins/prestashop-1-7/faq/how-can-i-update-the-plugin-for-prestashop-1-7/
Redirect 301 /integrations/shopify/faq/how-can-i-update-the-plugin-for-shopify/ https://docs.multisafepay.com/integrations/hosted/shopify/faq/how-can-i-update-the-plugin-for-shopify/
Redirect 301 /integrations/shopware5/faq/how-can-i-update-the-plugin-for-shopware/ https://docs.multisafepay.com/integrations/plugins/shopware5/faq/how-can-i-update-the-plugin-for-shopware/
Redirect 301 /integrations/shopware6/faq/how-can-i-update-the-plugin-for-shopware/ https://docs.multisafepay.com/integrations/plugins/shopware6/faq/how-can-i-update-the-plugin-for-shopware/
Redirect 301 /integrations/virtuemart/faq/how-can-i-update-the-plugin-for-virtuemart/ https://docs.multisafepay.com/integrations/plugins/virtuemart/faq/how-can-i-update-the-plugin-for-virtuemart/
Redirect 301 /integrations/woocommerce/faq/how-can-i-update-the-plugin-for-woocommerce/ https://docs.multisafepay.com/integrations/plugins/woocommerce/faq/how-can-i-update-the-plugin-for-woocommerce/
Redirect 301 /integrations/x-cart/faq/how-can-i-update-the-plugin-for-x-cart/ https://docs.multisafepay.com/integrations/plugins/x-cart/faq/how-can-i-update-the-plugin-for-x-cart/
Redirect 301 /integrations/zencart/faq/how-can-i-update-the-plugin-for-zen-cart/ https://docs.multisafepay.com/integrations/plugins/zencart/faq/how-can-i-update-the-plugin-for-zen-cart/
Redirect 301 /integrations/lightspeed/faq/lightspeed-orderid/ https://docs.multisafepay.com/integrations/hosted/lightspeed/faq/lightspeed-orderid/
Redirect 301 /integrations/magento1/faq/tokenization-magento1/ https://docs.multisafepay.com/integrations/plugins/magento1/faq/tokenization-magento1/
Redirect 301 /integrations/magento2/faq/tokenization-magento2/ https://docs.multisafepay.com/integrations/plugins/magento2/faq/tokenization-magento2/
Redirect 301 /integrations/prestashop-1-6/faq/tokenization-prestashop16/ https://docs.multisafepay.com/integrations/plugins/prestashop-1-6/faq/tokenization-prestashop16/
Redirect 301 /integrations/prestashop-1-7/faq/tokenization-prestashop17/ https://docs.multisafepay.com/integrations/plugins/prestashop-1-7/faq/tokenization-prestashop17/
Redirect 301 /integrations/magento1/faq/is-the-multisafepay-magento-1-plugin-compatible-with-picqer/ https://docs.multisafepay.com/integrations/plugins/magento1/faq/is-the-multisafepay-magento-1-plugin-compatible-with-picqer/
Redirect 301 /integrations/magento1/faq/request-refund/ https://docs.multisafepay.com/integrations/plugins/magento1/faq/request-refund/
Redirect 301 /integrations/shopify/ https://docs.multisafepay.com/integrations/hosted/shopify/
Redirect 301 /integrations/ccvshop/manual/ https://docs.multisafepay.com/integrations/hosted/ccvshop/manual/
Redirect 301 /integrations/cs-cart/manual/ https://docs.multisafepay.com/integrations/plugins/cs-cart/manual/
Redirect 301 /integrations/drupal7/manual/ https://docs.multisafepay.com/integrations/plugins/drupal7/manual/
Redirect 301 /integrations/drupal8/manual/ https://docs.multisafepay.com/integrations/plugins/drupal8/manual/
Redirect 301 /integrations/ecwid/manual/ https://docs.multisafepay.com/integrations/hosted/ecwid/manual/
Redirect 301 /integrations/lightspeed/manual/ https://docs.multisafepay.com/integrations/hosted/lightspeed/manual/
Redirect 301 /integrations/logivert/manual/ https://docs.multisafepay.com/integrations/hosted/logivert/manual/
Redirect 301 /integrations/logic4/manual/ https://docs.multisafepay.com/integrations/hosted/logic4/manual/
Redirect 301 /integrations/magento1/manual/ https://docs.multisafepay.com/integrations/plugins/magento1/manual/
Redirect 301 /integrations/magento2/manual/ https://docs.multisafepay.com/integrations/plugins/magento2/manual/
Redirect 301 /integrations/mijnwebwinkel/manual/ https://docs.multisafepay.com/integrations/hosted/mijnwebwinkel/manual/
Redirect 301 /integrations/opencart/manual/ https://docs.multisafepay.com/integrations/plugins/opencart/manual/
Redirect 301 /integrations/oscommerce/manual/ https://docs.multisafepay.com/integrations/plugins/oscommerce/manual/
Redirect 301 /integrations/prestashop-1-6/manual/ https://docs.multisafepay.com/integrations/plugins/prestashop-1-6/manual/
Redirect 301 /integrations/prestashop-1-7/manual/ https://docs.multisafepay.com/integrations/plugins/prestashop-1-7/manual/
Redirect 301 /integrations/shopfactory/manual/ https://docs.multisafepay.com/integrations/hosted/shopfactory/manual/
Redirect 301 /integrations/shopify/manual/ https://docs.multisafepay.com/integrations/hosted/shopify/manual/
Redirect 301 /integrations/shoptrader/manual/ https://docs.multisafepay.com/integrations/hosted/shoptrader/manual/
Redirect 301 /integrations/shopware5/manual/ https://docs.multisafepay.com/integrations/plugins/shopware5/manual/
Redirect 301 /integrations/shopware6/manual/ https://docs.multisafepay.com/integrations/plugins/shopware6/manual/
Redirect 301 /integrations/virtuemart/manual/ https://docs.multisafepay.com/integrations/plugins/virtuemart/manual/
Redirect 301 /integrations/woocommerce/manual/ https://docs.multisafepay.com/integrations/plugins/woocommerce/manual/
Redirect 301 /integrations/x-cart/manual/ https://docs.multisafepay.com/integrations/plugins/x-cart/manual/
Redirect 301 /integrations/zencart/manual/ https://docs.multisafepay.com/integrations/plugins/zencart/manual/
Redirect 301 /integrations/ccvshop/ https://docs.multisafepay.com/integrations/hosted/ccvshop/
Redirect 301 /integrations/ecwid/ https://docs.multisafepay.com/integrations/hosted/ecwid/
Redirect 301 /integrations/lightspeed/ https://docs.multisafepay.com/integrations/hosted/lightspeed/
Redirect 301 /integrations/logivert/ https://docs.multisafepay.com/integrations/hosted/logivert/
Redirect 301 /integrations/mijnwebwinkel/ https://docs.multisafepay.com/integrations/hosted/mijnwebwinkel/
Redirect 301 /integrations/shoptrader/ https://docs.multisafepay.com/integrations/hosted/shoptrader/
Redirect 301 /integrations/myshop/ https://docs.multisafepay.com/integrations/hosted/myshop/
Redirect 301 /integrations/myshop/manual/ https://docs.multisafepay.com/integrations/hosted/myshop/manual/
Redirect 301 /integrations/cs-cart/ https://docs.multisafepay.com/integrations/plugins/cs-cart/
Redirect 301 /integrations/drupal7/ https://docs.multisafepay.com/integrations/plugins/drupal7/
Redirect 301 /integrations/drupal8/ https://docs.multisafepay.com/integrations/plugins/drupal8/
Redirect 301 /integrations/logic4/ https://docs.multisafepay.com/integrations/hosted/logic4/
Redirect 301 /integrations/magento1/ https://docs.multisafepay.com/integrations/plugins/magento1/
Redirect 301 /integrations/magento2/ https://docs.multisafepay.com/integrations/plugins/magento2/
Redirect 301 /integrations/opencart/ https://docs.multisafepay.com/integrations/plugins/opencart/
Redirect 301 /integrations/oscommerce/ https://docs.multisafepay.com/integrations/plugins/oscommerce/
Redirect 301 /integrations/prestashop-1-6/ https://docs.multisafepay.com/integrations/plugins/prestashop-1-6/
Redirect 301 /integrations/prestashop-1-7/ https://docs.multisafepay.com/integrations/plugins/prestashop-1-7/
Redirect 301 /integrations/shopfactory/ https://docs.multisafepay.com/integrations/hosted/shopfactory/
Redirect 301 /integrations/shopware5/ https://docs.multisafepay.com/integrations/plugins/shopware5/
Redirect 301 /integrations/shopware6/ https://docs.multisafepay.com/integrations/plugins/shopware6/
Redirect 301 /integrations/virtuemart/ https://docs.multisafepay.com/integrations/plugins/virtuemart/
Redirect 301 /integrations/woocommerce/ https://docs.multisafepay.com/integrations/plugins/woocommerce/
Redirect 301 /integrations/x-cart/ https://docs.multisafepay.com/integrations/plugins/x-cart/
Redirect 301 /integrations/zencart/ https://docs.multisafepay.com/integrations/plugins/zencart/
Redirect 301 /integrations/magento1/faq/payment-fee-surcharges/ https://docs.multisafepay.com/integrations/plugins/magento1/faq/payment-fee-surcharges/
Redirect 301 /integrations/magento2/faq/payment-fee-surcharges/ https://docs.multisafepay.com/integrations/plugins/magento2/faq/payment-fee-surcharges/
Redirect 301 /integrations/prestashop-1-6/faq/payment-fee-surcharges/ https://docs.multisafepay.com/integrations/plugins/prestashop-1-6/faq/payment-fee-surcharges/
Redirect 301 /integrations/prestashop-1-7/faq/payment-fee-surcharges/ https://docs.multisafepay.com/integrations/plugins/prestashop-1-7/faq/payment-fee-surcharges/
Redirect 301 /integrations/magento2/faq/payment-links-in-order-confirmation-for-backend-orders/ https://docs.multisafepay.com/integrations/plugins/magento2/faq/payment-links-in-order-confirmation-for-backend-orders/
Redirect 301 /integrations/magento2/faq/pending-payment-order-lifetime/ https://docs.multisafepay.com/integrations/plugins/magento2/faq/pending-payment-order-lifetime/
Redirect 301 /payment-methods/branded-credit-cards/postepay/ https://docs.multisafepay.com/payment-methods/credit-cards/branded-credit-cards/postepay/
Redirect 301 /integrations/cs-cart/changelog/ https://docs.multisafepay.com/integrations/plugins/cs-cart/changelog/
Redirect 301 /integrations/drupal7/changelog/ https://docs.multisafepay.com/integrations/plugins/drupal7/changelog/
Redirect 301 /integrations/drupal8/changelog/ https://docs.multisafepay.com/integrations/plugins/drupal8/changelog/
Redirect 301 /integrations/magento1/changelog/ https://docs.multisafepay.com/integrations/plugins/magento1/changelog/
Redirect 301 /integrations/magento2/changelog/ https://github.com/MultiSafepay/Magento2Msp/blob/master/CHANGELOG.md
Redirect 301 /integrations/opencart/changelog/ https://docs.multisafepay.com/integrations/plugins/opencart/changelog/
Redirect 301 /integrations/oscommerce/changelog/ https://docs.multisafepay.com/integrations/plugins/oscommerce/changelog/
Redirect 301 /integrations/prestashop-1-6/changelog/ https://docs.multisafepay.com/integrations/plugins/prestashop-1-6/changelog/
Redirect 301 /integrations/prestashop-1-7/changelog/ https://docs.multisafepay.com/integrations/plugins/prestashop-1-7/changelog/
Redirect 301 /integrations/shopware5/changelog/ https://docs.multisafepay.com/integrations/plugins/shopware5/changelog/
Redirect 301 /integrations/virtuemart/changelog/ https://docs.multisafepay.com/integrations/plugins/virtuemart/changelog/
Redirect 301 /integrations/woocommerce/changelog/ https://docs.multisafepay.com/integrations/plugins/woocommerce/changelog/
Redirect 301 /integrations/x-cart/changelog/ https://docs.multisafepay.com/integrations/plugins/x-cart/changelog/
Redirect 301 /integrations/zencart/changelog/ https://docs.multisafepay.com/integrations/plugins/zencart/changelog/
Redirect 301 /integrations/plugins/magento2/changelog/ https://github.com/MultiSafepay/Magento2Msp/blob/master/CHANGELOG.md
Redirect 301 /payment-methods/giftcards/branded-personalized-gift-card/ https://docs.multisafepay.com/payment-methods/prepaid-cards/gift-cards/branded-personalized-gift-card/

#URL Mapper - Magento2 plugin
Redirect 301 /p7p8c2/ https://docs.multisafepay.com/integrations/magento2/faq/#payment-link-in-order-confirmation-email-for-backend-orders